Date,Price
1/1/2014,29542
1/2/2014,29975
1/3/2014,29727
1/4/2014,29279
1/6/2014,29119
1/7/2014,28959
1/8/2014,28934
1/9/2014,28997
1/10/2014,29169
1/13/2014,29312
1/14/2014,29198
1/15/2014,29150
1/16/2014,29168
1/17/2014,29385
1/20/2014,29414
1/21/2014,29362
1/22/2014,29269
1/23/2014,29394
1/24/2014,29574
1/27/2014,29905
1/28/2014,29628
1/29/2014,29835
1/30/2014,29499
1/31/2014,29482
2/3/2014,29789
2/4/2014,29534
2/5/2014,29719
2/6/2014,29231
2/7/2014,29310
2/10/2014,29471
2/11/2014,29670
2/12/2014,29698
2/13/2014,29726
2/14/2014,29932
2/17/2014,30664
2/18/2014,30766
2/19/2014,30712
2/20/2014,30608
2/21/2014,30677
2/24/2014,30927
2/25/2014,30972
2/26/2014,30810
2/27/2014,30839
2/28/2014,30634
3/3/2014,32051
3/4/2014,31126
3/5/2014,32351
3/6/2014,30416
3/7/2014,30307
3/10/2014,30327
3/11/2014,30421
3/12/2014,30627
3/13/2014,30697
3/14/2014,30719
3/17/2014,30557
3/18/2014,30389
3/19/2014,30169
3/20/2014,29924
3/21/2014,29850
3/24/2014,29182
3/25/2014,28971
3/26/2014,28595
3/27/2014,28521
3/28/2014,28434
3/31/2014,28470
4/1/2014,28116
4/2/2014,28404
4/3/2014,28460
4/4/2014,28519
4/5/2014,28549
4/7/2014,28574
4/8/2014,28754
4/9/2014,28710
4/10/2014,29094
4/11/2014,29085
4/14/2014,29350
4/15/2014,29342
4/16/2014,29290
4/17/2014,29293
4/19/2014,29339
4/21/2014,29548
4/22/2014,29423
4/23/2014,29752
4/25/2014,29741
4/27/2014,29695
4/28/2014,29824
4/29/2014,29713
4/30/2014,31014
5/1/2014,30380
5/2/2014,30182
5/5/2014,29967
5/6/2014,29109
5/7/2014,28747
5/8/2014,28734
5/9/2014,28741
5/12/2014,28860
5/13/2014,28673
5/14/2014,28911
5/15/2014,28624
5/16/2014,28322
5/19/2014,28336
5/20/2014,28424
5/21/2014,27501
5/22/2014,27386
5/23/2014,27528
5/26/2014,27586
5/27/2014,27087
5/28/2014,26987
5/29/2014,26984
5/30/2014,27151
6/2/2014,26626
6/3/2014,26732
6/4/2014,26708
6/5/2014,26771
6/6/2014,26400
6/9/2014,26545
6/10/2014,26712
6/11/2014,26736
6/12/2014,27014
6/13/2014,27235
6/16/2014,27395
6/17/2014,27418
6/18/2014,27353
6/19/2014,28160
6/20/2014,28154
6/23/2014,28111
6/24/2014,28167
6/25/2014,28221
6/26/2014,28126
6/27/2014,28063
6/30/2014,28076
7/1/2014,27975
7/2/2014,27788
7/3/2014,27802
7/4/2014,27913
7/7/2014,27564
7/8/2014,27594
7/9/2014,27667
7/10/2014,28565
7/11/2014,28441
7/12/2014,28413
7/13/2014,28413
7/14/2014,27860
7/15/2014,27752
7/16/2014,27767
7/17/2014,28237
7/18/2014,28028
7/20/2014,28030
7/21/2014,28120
7/22/2014,27939
7/23/2014,27915
7/24/2014,27651
7/25/2014,27973
7/27/2014,27960
7/28/2014,27909
7/29/2014,27855
7/30/2014,27936
7/31/2014,27788
8/1/2014,28037
8/4/2014,27952
8/5/2014,28392
8/6/2014,28559
8/7/2014,28695
8/8/2014,28515
8/10/2014,28510
8/11/2014,28554
8/12/2014,28641
8/13/2014,28567
8/14/2014,28489
8/18/2014,28167
8/19/2014,28124
8/20/2014,28079
8/21/2014,27599
8/22/2014,27634
8/25/2014,27632
8/26/2014,27720
8/27/2014,27599
8/28/2014,27884
8/29/2014,27794
9/1/2014,27679
9/2/2014,27340
9/3/2014,27355
9/4/2014,27282
9/5/2014,27225
9/8/2014,27207
9/9/2014,27272
9/10/2014,27194
9/11/2014,26996
9/12/2014,26909
9/13/2014,26900
9/15/2014,27006
9/16/2014,26954
9/17/2014,26907
9/18/2014,26659
9/19/2014,26497
9/22/2014,26605
9/23/2014,26682
9/24/2014,26552
9/25/2014,26919
9/26/2014,26694
9/27/2014,26693
9/29/2014,26819
9/30/2014,26805
10/1/2014,26790
10/3/2014,26439
10/5/2014,26424
10/6/2014,26637
10/7/2014,26673
10/8/2014,26633
10/9/2014,26847
10/10/2014,26855
10/13/2014,26855
10/14/2014,27128
10/16/2014,27328
10/17/2014,27151
10/20/2014,27302
10/21/2014,27394
10/22/2014,27333
10/23/2014,26940
10/24/2014,26963
10/27/2014,27008
10/28/2014,26909
10/29/2014,26864
10/30/2014,26376
10/31/2014,25924
11/3/2014,25868
11/4/2014,25810
11/5/2014,25348
11/6/2014,25467
11/7/2014,25926
11/10/2014,25719
11/11/2014,25793
11/12/2014,25794
11/13/2014,25827
11/14/2014,26458
11/16/2014,26411
11/17/2014,26319
11/18/2014,26587
11/19/2014,26710
11/20/2014,26459
11/21/2014,26390
11/24/2014,26473
11/25/2014,26338
11/26/2014,26397
11/27/2014,26237
11/28/2014,25853
12/1/2014,26546
12/2/2014,26224
12/3/2014,26496
12/4/2014,26488
12/5/2014,26279
12/8/2014,26228
12/9/2014,27023
12/10/2014,27054
12/11/2014,27142
12/12/2014,27088
12/15/2014,27173
12/16/2014,27044
12/17/2014,26802
12/18/2014,26659
12/19/2014,26859
12/22/2014,26458
12/23/2014,26468
12/24/2014,26433
12/26/2014,26894
12/29/2014,26598
12/30/2014,26908
12/31/2014,26594
1/1/2015,26586
1/2/2015,26700
1/5/2015,26847
1/6/2015,27385
1/7/2015,27159
1/8/2015,26808
1/9/2015,26806
1/12/2015,27032
1/13/2015,27071
1/14/2015,27210
1/15/2015,27493
1/16/2015,27673
1/17/2015,27627
1/19/2015,27718
1/20/2015,28098
1/21/2015,27992
1/22/2015,28055
1/23/2015,27884
1/25/2015,27887
1/27/2015,27934
1/28/2015,27795
1/29/2015,27470
1/30/2015,27911
2/2/2015,28071
2/3/2015,27687
2/4/2015,27814
2/5/2015,27683
2/6/2015,26968
2/9/2015,27119
2/10/2015,27016
2/11/2015,26817
2/12/2015,26635
2/13/2015,26694
2/16/2015,26742
2/17/2015,26241
2/18/2015,26181
2/19/2015,26294
2/20/2015,26317
2/21/2015,26319
2/23/2015,26178
2/24/2015,26077
2/25/2015,26142
2/26/2015,26239
2/27/2015,26206
2/28/2015,26480
3/2/2015,26541
3/3/2015,26453
3/4/2015,26539
3/5/2015,26473
3/6/2015,26058
3/9/2015,26062
3/10/2015,25960
3/11/2015,25716
3/12/2015,25690
3/13/2015,25909
3/14/2015,25922
3/16/2015,25797
3/17/2015,25635
3/18/2015,25653
3/19/2015,25970
3/20/2015,26195
3/23/2015,26208
3/24/2015,26350
3/25/2015,26491
3/26/2015,26805
3/27/2015,26564
3/30/2015,26239
3/31/2015,26061
4/1/2015,26510
4/2/2015,26548
4/6/2015,26941
4/7/2015,26829
4/8/2015,26682
4/9/2015,26452
4/10/2015,26703
4/13/2015,26616
4/14/2015,26454
4/15/2015,26644
4/16/2015,26533
4/17/2015,26702
4/20/2015,26719
4/21/2015,26803
4/22/2015,26489
4/23/2015,26777
4/24/2015,26574
4/27/2015,26944
4/28/2015,27036
4/29/2015,27096
4/30/2015,26593
5/1/2015,26483
5/4/2015,26747
5/5/2015,26852
5/6/2015,26928
5/7/2015,26951
5/8/2015,26903
5/11/2015,26853
5/12/2015,27180
5/13/2015,27539
5/14/2015,27444
5/15/2015,27473
5/18/2015,27629
5/19/2015,27309
5/20/2015,27299
5/21/2015,27130
5/22/2015,27105
5/25/2015,27180
5/26/2015,26917
5/27/2015,26900
5/28/2015,26899
5/29/2015,26866
6/1/2015,26690
6/2/2015,26856
6/3/2015,26806
6/4/2015,26564
6/5/2015,26439
6/8/2015,26693
6/9/2015,26754
6/10/2015,26850
6/11/2015,26772
6/12/2015,26773
6/15/2015,26915
6/16/2015,26831
6/17/2015,26763
6/18/2015,27031
6/19/2015,26959
6/22/2015,26589
6/23/2015,26478
6/24/2015,26418
6/25/2015,26365
6/26/2015,26399
6/29/2015,26508
6/30/2015,26301
7/1/2015,26182
7/2/2015,26024
7/3/2015,26393
7/6/2015,26335
7/7/2015,26032
7/8/2015,26222
7/9/2015,26071
7/10/2015,26071
7/13/2015,26033
7/14/2015,25934
7/15/2015,25852
7/16/2015,25774
7/17/2015,25505
7/20/2015,25042
7/21/2015,24908
7/22/2015,24688
7/23/2015,24742
7/24/2015,24729
7/27/2015,24910
7/28/2015,24768
7/29/2015,24729
7/30/2015,24739
7/31/2015,24789
8/3/2015,24696
8/4/2015,24638
8/5/2015,24545
8/6/2015,24692
8/7/2015,24796
8/10/2015,25026
8/11/2015,25323
8/12/2015,25898
8/13/2015,25763
8/14/2015,25636
8/17/2015,25924
8/18/2015,25890
8/19/2015,26084
8/20/2015,26723
8/21/2015,27090
8/24/2015,27290
8/25/2015,26595
8/26/2015,26341
8/27/2015,26197
8/28/2015,26490
8/31/2015,26540
9/1/2015,26623
9/2/2015,26417
9/3/2015,26196
9/4/2015,26256
9/7/2015,26506
9/8/2015,26436
9/9/2015,26069
9/10/2015,26179
9/11/2015,25981
9/14/2015,26078
9/15/2015,25982
9/16/2015,26285
9/17/2015,26176
9/18/2015,26476
9/21/2015,26345
9/22/2015,26242
9/23/2015,26476
9/24/2015,26965
9/25/2015,26744
9/28/2015,26508
9/29/2015,26253
9/30/2015,25803
10/1/2015,25782
10/5/2015,26094
10/6/2015,26512
10/7/2015,26449
10/8/2015,26351
10/9/2015,26515
10/12/2015,26678
10/13/2015,26872
10/14/2015,27088
10/15/2015,27142
10/16/2015,27029
10/19/2015,26882
10/20/2015,26993
10/21/2015,26821
10/22/2015,26737
10/23/2015,26676
10/26/2015,26689
10/27/2015,26790
10/28/2015,26930
10/29/2015,26470
10/30/2015,26355
11/2/2015,26228
11/3/2015,25863
11/4/2015,25646
11/5/2015,25791
11/6/2015,25538
11/9/2015,25699
11/10/2015,25604
11/11/2015,25490
11/12/2015,25341
11/13/2015,25388
11/16/2015,25360
11/17/2015,25038
11/18/2015,25108
11/19/2015,25308
11/20/2015,25252
11/23/2015,25180
11/24/2015,25305
11/25/2015,25230
11/26/2015,25288
11/27/2015,25071
11/30/2015,25114
12/1/2015,25018
12/2/2015,24895
12/3/2015,25043
12/4/2015,25631
12/7/2015,25443
12/8/2015,25424
12/9/2015,25499
12/10/2015,25328
12/11/2015,25581
12/14/2015,25256
12/15/2015,25173
12/16/2015,25372
12/17/2015,24766
12/18/2015,25011
12/21/2015,25302
12/22/2015,25176
12/23/2015,25004
12/24/2015,25147
12/28/2015,25077
12/29/2015,25106
12/30/2015,25017
12/31/2015,24952
1/1/2016,24943
1/4/2016,25423
1/5/2016,25430
1/6/2016,25756
1/7/2016,26106
1/8/2016,25989
1/11/2016,25877
1/12/2016,25689
1/13/2016,25750
1/14/2016,25652
1/15/2016,26126
1/18/2016,26070
1/19/2016,26064
1/20/2016,26563
1/21/2016,26190
1/22/2016,26168
1/25/2016,26391
1/27/2016,26736
1/28/2016,26701
1/29/2016,26709
2/1/2016,26973
2/2/2016,27008
2/3/2016,27285
2/4/2016,27656
2/5/2016,27568
2/8/2016,28367
2/9/2016,28325
2/10/2016,28211
2/11/2016,29706
2/12/2016,29287
2/15/2016,28595
2/16/2016,28800
2/17/2016,28781
2/18/2016,29210
2/19/2016,29432
2/22/2016,28916
2/23/2016,29234
2/24/2016,29523
2/25/2016,29735
2/26/2016,29290
2/29/2016,29437
3/1/2016,29097
3/2/2016,29219
3/3/2016,29381
3/4/2016,29519
3/7/2016,29597
3/8/2016,29819
3/9/2016,29597
3/10/2016,29928
3/11/2016,29504
3/14/2016,29204
3/15/2016,29050
3/16/2016,28970
3/17/2016,29357
3/18/2016,29135
3/21/2016,28937
3/22/2016,29047
3/23/2016,28568
3/24/2016,28560
3/28/2016,28400
3/29/2016,28616
3/30/2016,28301
3/31/2016,28441
4/1/2016,28056
4/4/2016,28086
4/5/2016,28562
4/6/2016,28571
4/7/2016,28972
4/8/2016,29047
4/11/2016,29254
4/12/2016,29250
4/13/2016,29128
4/14/2016,28731
4/15/2016,28918
4/18/2016,28935
4/19/2016,29255
4/20/2016,29249
4/21/2016,29287
4/22/2016,28941
4/25/2016,29183
4/26/2016,29158
4/27/2016,29319
4/28/2016,29627
4/29/2016,30138
5/2/2016,30213
5/3/2016,30154
5/4/2016,29934
5/5/2016,29868
5/6/2016,30366
5/9/2016,29805
5/10/2016,29785
5/11/2016,29933
5/12/2016,29904
5/13/2016,30023
5/16/2016,29963
5/17/2016,30045
5/18/2016,30049
5/19/2016,29800
5/20/2016,29693
5/23/2016,29682
5/24/2016,29306
5/25/2016,28945
5/26/2016,28729
5/27/2016,28590
5/30/2016,28590
5/31/2016,28610
6/1/2016,28626
6/2/2016,28554
6/3/2016,29216
6/6/2016,29329
6/7/2016,29239
6/8/2016,29491
6/9/2016,29757
6/10/2016,29851
6/13/2016,30181
6/14/2016,30357
6/15/2016,30262
6/16/2016,30392
6/17/2016,30373
6/20/2016,30478
6/21/2016,30072
6/22/2016,29898
6/23/2016,29686
6/24/2016,31131
6/27/2016,31218
6/28/2016,30999
6/29/2016,30986
6/30/2016,30851
7/1/2016,31077
7/4/2016,31396
7/5/2016,30841
7/6/2016,32018
7/7/2016,31817
7/8/2016,31657
7/11/2016,31524
7/12/2016,31001
7/13/2016,31225
7/14/2016,30895
7/15/2016,30922
7/18/2016,30950
7/19/2016,31021
7/20/2016,30666
7/21/2016,30940
7/22/2016,30794
7/25/2016,30814
7/26/2016,30822
7/27/2016,30878
7/28/2016,30795
7/29/2016,31099
8/1/2016,31011
8/2/2016,31282
8/3/2016,31199
8/4/2016,31317
8/5/2016,30779
8/8/2016,30998
8/9/2016,31133
8/10/2016,31219
8/11/2016,31171
8/12/2016,31080
8/16/2016,31349
8/17/2016,31314
8/18/2016,31411
8/19/2016,31365
8/22/2016,31395
8/23/2016,31373
8/24/2016,31049
8/25/2016,30945
8/26/2016,31023
8/29/2016,31077
8/30/2016,30840
8/31/2016,30746
9/1/2016,30710
9/2/2016,30900
9/5/2016,31025
9/6/2016,31401
9/7/2016,31336
9/8/2016,31239
9/9/2016,31261
9/12/2016,31087
9/13/2016,31141
9/14/2016,31100
9/15/2016,30950
9/16/2016,30851
9/19/2016,30936
9/20/2016,30892
9/21/2016,31207
9/22/2016,31335
9/23/2016,31288
9/26/2016,31351
9/27/2016,31003
9/28/2016,30963
9/29/2016,31224
9/30/2016,30814
10/3/2016,30749
10/4/2016,30068
10/5/2016,30004
10/6/2016,29615
10/7/2016,29591
10/10/2016,29662
10/11/2016,29712
10/12/2016,29662
10/13/2016,29697
10/14/2016,29638
10/17/2016,29675
10/18/2016,29773
10/19/2016,29883
10/20/2016,29891
10/21/2016,29936
10/24/2016,29820
10/25/2016,30034
10/26/2016,29913
10/27/2016,30054
10/28/2016,30131
10/30/2016,30151
10/31/2016,30057
11/1/2016,30329
11/2/2016,30759
11/3/2016,30674
11/4/2016,30689
11/7/2016,30118
11/8/2016,29899
11/9/2016,29961
11/10/2016,29986
11/11/2016,29461
11/14/2016,29676
11/15/2016,29391
11/16/2016,29463
11/17/2016,29185
11/18/2016,29005
11/21/2016,29197
11/22/2016,29182
11/23/2016,28885
11/24/2016,28816
11/25/2016,28671
11/28/2016,28793
11/29/2016,28853
11/30/2016,28428
12/1/2016,28062
12/2/2016,28445
12/5/2016,28236
12/6/2016,27944
12/7/2016,28043
12/8/2016,27896
12/9/2016,27701
12/12/2016,27843
12/13/2016,27710
12/14/2016,27746
12/15/2016,27130
12/16/2016,27308
12/19/2016,27392
12/20/2016,27262
12/21/2016,27103
12/22/2016,27152
12/23/2016,27186
12/26/2016,27241
12/27/2016,27431
12/28/2016,27539
12/29/2016,27810
12/30/2016,27700
1/2/2017,27828
1/3/2017,28102
1/4/2017,28085
1/5/2017,28890
1/6/2017,27960
1/9/2017,28124
1/10/2017,28210
1/11/2017,28353
1/12/2017,28463
1/13/2017,28440
1/16/2017,28601
1/17/2017,28797
1/18/2017,28852
1/19/2017,28588
1/20/2017,28685
1/23/2017,28876
1/24/2017,28815
1/25/2017,28472
1/27/2017,28449
1/30/2017,28642
1/31/2017,29172
2/1/2017,28981
2/2/2017,29064
2/3/2017,29166
2/6/2017,29202
2/7/2017,29348
2/8/2017,29371
2/9/2017,29115
2/10/2017,29195
2/13/2017,29057
2/14/2017,29027
2/15/2017,29138
2/16/2017,29377
2/17/2017,29359
2/20/2017,29324
2/21/2017,29314
2/22/2017,29223
2/23/2017,29440
2/24/2017,29613
2/27/2017,29732
2/28/2017,29592
3/1/2017,29529
3/2/2017,29204
3/3/2017,29442
3/6/2017,28979
3/7/2017,28791
3/8/2017,28660
3/9/2017,28491
3/10/2017,28417
3/13/2017,28291
3/14/2017,28100
3/15/2017,28019
3/16/2017,28436
3/17/2017,28528
3/20/2017,28518
3/21/2017,28853
3/22/2017,28886
3/23/2017,28816
3/24/2017,28809
3/27/2017,28839
3/28/2017,28872
3/29/2017,28762
3/30/2017,28559
3/31/2017,28612
4/3/2017,28720
4/4/2017,28960
4/5/2017,28617
4/6/2017,28697
4/7/2017,28650
4/10/2017,28699
4/11/2017,29149
4/12/2017,29189
4/13/2017,29358
4/17/2017,29392
4/18/2017,29518
4/19/2017,29313
4/20/2017,29308
4/21/2017,29432
4/24/2017,29128
4/25/2017,28827
4/26/2017,28757
4/27/2017,28784
4/28/2017,28872
5/1/2017,28654
5/2/2017,28571
5/3/2017,28571
5/4/2017,28060
5/5/2017,28184
5/8/2017,28119
5/9/2017,27981
5/10/2017,28007
5/11/2017,28022
5/12/2017,28019
5/15/2017,28008
5/16/2017,28109
5/17/2017,28614
5/18/2017,28710
5/19/2017,28634
5/22/2017,28783
5/23/2017,28808
5/24/2017,28719
5/25/2017,28638
5/26/2017,28847
5/29/2017,28874
5/30/2017,28704
5/31/2017,28905
6/1/2017,28749
6/2/2017,28949
6/5/2017,29111
6/6/2017,29481
6/7/2017,29376
6/8/2017,29049
6/9/2017,28938
6/12/2017,28917
6/13/2017,28862
6/14/2017,28946
6/15/2017,28686
6/16/2017,28616
6/19/2017,28473
6/20/2017,28475
6/21/2017,28495
6/22/2017,28557
6/23/2017,28648
6/26/2017,28426
6/27/2017,28483
6/28/2017,28485
6/29/2017,28527
6/30/2017,28295
7/3/2017,27952
7/4/2017,28043
7/5/2017,28051
7/6/2017,28143
7/7/2017,27812
7/10/2017,27840
7/11/2017,27871
7/12/2017,27889
7/13/2017,27868
7/14/2017,28022
7/17/2017,28147
7/18/2017,28280
7/19/2017,28270
7/20/2017,28345
7/21/2017,28541
7/24/2017,28530
7/25/2017,28490
7/26/2017,28396
7/27/2017,28477
7/28/2017,28596
7/31/2017,28588
8/1/2017,28514
8/2/2017,28486
8/3/2017,28447
8/4/2017,28373
8/7/2017,28419
8/8/2017,28357
8/9/2017,28800
8/10/2017,29130
8/11/2017,29158
8/14/2017,29042
8/16/2017,28878
8/17/2017,29093
8/18/2017,29109
8/21/2017,29224
8/22/2017,29061
8/23/2017,29090
8/24/2017,29021
8/25/2017,29086
8/28/2017,29425
8/29/2017,29588
8/30/2017,29540
8/31/2017,29756
9/1/2017,29788
9/4/2017,30174
9/5/2017,30226
9/6/2017,30088
9/7/2017,30287
9/8/2017,30271
9/11/2017,29942
9/12/2017,29953
9/13/2017,29896
9/14/2017,30020
9/15/2017,29869
9/18/2017,29561
9/19/2017,29628
9/20/2017,29780
9/21/2017,29584
9/22/2017,29608
9/25/2017,30065
9/26/2017,29885
9/27/2017,29673
9/28/2017,29624
9/29/2017,29549
10/3/2017,29400
10/4/2017,29331
10/5/2017,29412
10/6/2017,29510
10/9/2017,29670
10/10/2017,29768
10/11/2017,29659
10/12/2017,29756
10/13/2017,29800
10/16/2017,29808
10/17/2017,29565
10/18/2017,29536
10/19/2017,29654
10/20/2017,29541
10/23/2017,29499
10/24/2017,29498
10/25/2017,29362
10/26/2017,29236
10/27/2017,29272
10/30/2017,29349
10/31/2017,29040
11/1/2017,29120
11/2/2017,29242
11/3/2017,29191
11/6/2017,29363
11/7/2017,29457
11/8/2017,29562
11/9/2017,29670
11/10/2017,29508
11/13/2017,29619
11/14/2017,29620
11/15/2017,29528
11/16/2017,29491
11/17/2017,29658
11/20/2017,29339
11/21/2017,29334
11/22/2017,29504
11/23/2017,29420
11/24/2017,29375
11/27/2017,29460
11/28/2017,29381
11/29/2017,29215
11/30/2017,28992
12/1/2017,29217
12/4/2017,29059
12/5/2017,28893
12/6/2017,28972
12/7/2017,28670
12/8/2017,28588
12/11/2017,28429
12/12/2017,28318
12/13/2017,28377
12/14/2017,28500
12/15/2017,28441
12/18/2017,28663
12/19/2017,28555
12/20/2017,28617
12/21/2017,28596
12/22/2017,28757
12/26/2017,28924
12/27/2017,29092
12/28/2017,29171
12/29/2017,29372
1/1/2018,29324
1/2/2018,29392
1/3/2018,29481
1/4/2018,29472
1/5/2018,29465
1/8/2018,29270
1/9/2018,29173
1/10/2018,29343
1/11/2018,29404
1/12/2018,29553
1/15/2018,29763
1/16/2018,29830
1/17/2018,29761
1/18/2018,29644
1/19/2018,29743
1/22/2018,29806
1/23/2018,29876
1/24/2018,30244
1/25/2018,30367
1/29/2018,30074
1/30/2018,30052
1/31/2018,30064
2/1/2018,30512
2/2/2018,30399
2/5/2018,30286
2/6/2018,30182
2/7/2018,29976
2/8/2018,30103
2/9/2018,29999
2/12/2018,30133
2/13/2018,30195
2/14/2018,30605
2/15/2018,30549
2/16/2018,30785
2/19/2018,30715
2/20/2018,30524
2/21/2018,30459
2/22/2018,30564
2/23/2018,30492
2/26/2018,30518
2/27/2018,30306
2/28/2018,30423
3/1/2018,30181
3/2/2018,30473
3/5/2018,30429
3/6/2018,30568
3/7/2018,30461
3/8/2018,30436
3/9/2018,30408
3/12/2018,30340
3/13/2018,30387
3/14/2018,30413
3/15/2018,30314
3/16/2018,30251
3/19/2018,30432
3/20/2018,30284
3/21/2018,30464
3/22/2018,30506
3/23/2018,30901
3/26/2018,30889
3/27/2018,30717
3/28/2018,30518
3/29/2018,30426
4/2/2018,30961
4/3/2018,30625
4/4/2018,30886
4/5/2018,30505
4/6/2018,30605
4/9/2018,30675
4/10/2018,30798
4/11/2018,31244
4/12/2018,30897
4/13/2018,31005
4/16/2018,31167
4/17/2018,31257
4/18/2018,31410
4/19/2018,31479
4/20/2018,31314
4/23/2018,31164
4/24/2018,31262
4/25/2018,31301
4/26/2018,31158
4/27/2018,31129
4/30/2018,30947
5/1/2018,30874
5/2/2018,30926
5/3/2018,31003
5/4/2018,31068
5/7/2018,31247
5/8/2018,31200
5/9/2018,31303
5/10/2018,31352
5/11/2018,31500
5/14/2018,31496
5/15/2018,31186
5/16/2018,31007
5/17/2018,30986
5/18/2018,31093
5/21/2018,31114
5/22/2018,31111
5/23/2018,31186
5/24/2018,31461
5/25/2018,31194
5/28/2018,30971
5/29/2018,31184
5/30/2018,31030
5/31/2018,30882
6/1/2018,30568
6/4/2018,30708
6/5/2018,30699
6/6/2018,30755
6/7/2018,31055
6/8/2018,31076
6/11/2018,31035
6/12/2018,30952
6/13/2018,30952
6/14/2018,31145
6/15/2018,30804
6/18/2018,30773
6/19/2018,30702
6/20/2018,30605
6/21/2018,30451
6/22/2018,30498
6/25/2018,30540
6/26/2018,30480
6/27/2018,30606
6/28/2018,30431
6/29/2018,30363
7/2/2018,30153
7/3/2018,30469
7/4/2018,30510
7/5/2018,30541
7/6/2018,30582
7/9/2018,30638
7/10/2018,30551
7/11/2018,30344
7/12/2018,30175
7/13/2018,30131
7/16/2018,30103
7/17/2018,29757
7/18/2018,29799
7/19/2018,29913
7/20/2018,29957
7/23/2018,29914
7/24/2018,29912
7/25/2018,29959
7/26/2018,29836
7/27/2018,29805
7/30/2018,29755
7/31/2018,29638
8/1/2018,29462
8/2/2018,29520
8/3/2018,29800
8/6/2018,29563
8/7/2018,29534
8/8/2018,29544
8/9/2018,29605
8/10/2018,29706
8/13/2018,29665
8/14/2018,29664
8/16/2018,29275
8/17/2018,29275
8/20/2018,29435
8/21/2018,29542
8/22/2018,29627
8/23/2018,29576
8/24/2018,29882
8/27/2018,29973
8/28/2018,29981
8/29/2018,30144
8/30/2018,30131
8/31/2018,30116
9/3/2018,30327
9/4/2018,30221
9/5/2018,30310
9/6/2018,30565
9/7/2018,30509
9/10/2018,30725
9/11/2018,30732
9/12/2018,30664
9/13/2018,30470
9/14/2018,30453
9/17/2018,30778
9/18/2018,30811
9/19/2018,30649
9/20/2018,30623
9/21/2018,30609
9/24/2018,30862
9/25/2018,30838
9/26/2018,30608
9/27/2018,30356
9/28/2018,30479
10/1/2018,30614
10/3/2018,31025
10/4/2018,31136
10/5/2018,31233
10/8/2018,31096
10/9/2018,31161
10/10/2018,31247
10/11/2018,31793
10/12/2018,31670
10/15/2018,31877
10/16/2018,31701
10/17/2018,31702
10/18/2018,31885
10/19/2018,31737
10/22/2018,31729
10/23/2018,31871
10/24/2018,31723
10/25/2018,31683
10/26/2018,31764
10/29/2018,31730
10/30/2018,31725
10/31/2018,31631
11/1/2018,31783
11/2/2018,31737
11/5/2018,31783
11/6/2018,31657
11/7/2018,31602
11/8/2018,31408
11/9/2018,31023
11/12/2018,31014
11/13/2018,30778
11/14/2018,30838
11/15/2018,30831
11/16/2018,31017
11/19/2018,30888
11/20/2018,30830
11/21/2018,30839
11/22/2018,30613
11/23/2018,30513
11/26/2018,30574
11/27/2018,30423
11/28/2018,30457
11/29/2018,30253
11/30/2018,30186
12/3/2018,30787
12/4/2018,30964
12/5/2018,30926
12/6/2018,31005
12/7/2018,31440
12/10/2018,31895
12/11/2018,31812
12/12/2018,31626
12/13/2018,31414
12/14/2018,31437
12/17/2018,31501
12/18/2018,31075
12/19/2018,31139
12/20/2018,31219
12/21/2018,31126
12/24/2018,31375
12/26/2018,31463
12/27/2018,31611
12/28/2018,31506
12/31/2018,31489
1/1/2019,31560
1/2/2019,31934
1/3/2019,31939
1/4/2019,31679
1/7/2019,31652
1/8/2019,31736
1/9/2019,31993
1/10/2019,31878
1/11/2019,31924
1/14/2019,32130
1/15/2019,32169
1/16/2019,32272
1/17/2019,32253
1/18/2019,32089
1/21/2019,32039
1/22/2019,32154
1/23/2019,32135
1/24/2019,32016
1/25/2019,32339
1/28/2019,32536
1/29/2019,32891
1/30/2019,32903
1/31/2019,33100
2/1/2019,33405
2/4/2019,33455
2/5/2019,33381
2/6/2019,33222
2/7/2019,33056
2/8/2019,33125
2/11/2019,32931
2/12/2019,32747
2/13/2019,32909
2/14/2019,32970
2/15/2019,33263
2/18/2019,33463
2/19/2019,33753
2/20/2019,33719
2/21/2019,33302
2/22/2019,33369
2/25/2019,33159
2/26/2019,33228
2/27/2019,33171
2/28/2019,32902
3/1/2019,32533
3/4/2019,32505
3/5/2019,32015
3/6/2019,31954
3/7/2019,31946
3/8/2019,32174
3/11/2019,31915
3/12/2019,32015
3/13/2019,32225
3/14/2019,31832
3/15/2019,31853
3/18/2019,31685
3/19/2019,31985
3/20/2019,31740
3/21/2019,31842
3/22/2019,32155
3/25/2019,32223
3/26/2019,32113
3/27/2019,32019
3/28/2019,31624
3/29/2019,31703
4/1/2019,31570
4/2/2019,31535
4/3/2019,31450
4/4/2019,31503
4/5/2019,31566
4/8/2019,32076
4/9/2019,32098
4/10/2019,32174
4/11/2019,31663
4/12/2019,31760
4/15/2019,31760
4/16/2019,31474
4/17/2019,31410
4/18/2019,31403
4/22/2019,31531
4/23/2019,31525
4/24/2019,31759
4/25/2019,31843
4/26/2019,31868
4/30/2019,31625
5/1/2019,31563
5/2/2019,31203
5/3/2019,31341
5/6/2019,31578
5/7/2019,31739
5/8/2019,31697
5/9/2019,31926
5/10/2019,31917
5/13/2019,32499
5/14/2019,32248
5/15/2019,32261
5/16/2019,31985
5/17/2019,31809
5/20/2019,31566
5/21/2019,31442
5/22/2019,31452
5/23/2019,31696
5/24/2019,31554
5/27/2019,31630
5/28/2019,31569
5/29/2019,31760
5/30/2019,31831
5/31/2019,32131
6/3/2019,32405
6/4/2019,32465
6/5/2019,32607
6/6/2019,32734
6/7/2019,32867
6/10/2019,32611
6/11/2019,32576
6/12/2019,32685
6/13/2019,32884
6/14/2019,32984
6/17/2019,32961
6/18/2019,32939
6/19/2019,32976
6/20/2019,33838
6/21/2019,33960
6/24/2019,34214
6/25/2019,34300
6/26/2019,34135
6/27/2019,33931
6/28/2019,33947
7/1/2019,33348
7/2/2019,33779
7/3/2019,34077
7/4/2019,34023
7/5/2019,34370
7/8/2019,34535
7/9/2019,34533
7/10/2019,34765
7/11/2019,34612
7/12/2019,34812
7/15/2019,34792
7/16/2019,34738
7/17/2019,35039
7/18/2019,35117
7/19/2019,35033
7/22/2019,35143
7/23/2019,35030
7/24/2019,35036
7/25/2019,34850
7/26/2019,34815
7/29/2019,34788
7/30/2019,34737
7/31/2019,34714
8/1/2019,35134
8/2/2019,35705
8/5/2019,36711
8/6/2019,37182
8/7/2019,37899
8/8/2019,37311
8/9/2019,37558
8/12/2019,37812
8/13/2019,37268
8/14/2019,37688
8/16/2019,37487
8/19/2019,37484
8/20/2019,37640
8/21/2019,37598
8/22/2019,37779
8/23/2019,38357
8/26/2019,38415
8/27/2019,38644
8/28/2019,38772
8/29/2019,38426
8/30/2019,38300
9/2/2019,38708
9/3/2019,39314
9/4/2019,39337
9/5/2019,38504
9/6/2019,38551
9/9/2019,38459
9/10/2019,38248
9/11/2019,37965
9/12/2019,37747
9/13/2019,37517
9/16/2019,38161
9/17/2019,37995
9/18/2019,37837
9/19/2019,37672
9/20/2019,37669
9/23/2019,37905
9/24/2019,38091
9/25/2019,37571
9/26/2019,37773
9/27/2019,37706
9/30/2019,36873
10/1/2019,37377
10/3/2019,38012
10/4/2019,38002
10/7/2019,37978
10/8/2019,38242
10/9/2019,38384
10/10/2019,38120
10/11/2019,37839
10/14/2019,38250
10/15/2019,38067
10/16/2019,38248
10/17/2019,38216
10/18/2019,38121
10/21/2019,37969
10/22/2019,38025
10/23/2019,38124
10/24/2019,38452
10/25/2019,38362
10/27/2019,38280
10/28/2019,38103
10/29/2019,38110
10/30/2019,38369
10/31/2019,38842
11/1/2019,38652
11/4/2019,38734
11/5/2019,38458
11/6/2019,38239
11/7/2019,37595
11/8/2019,37705
11/11/2019,37688
11/12/2019,37740
11/13/2019,38107
11/14/2019,38269
11/15/2019,38002
11/18/2019,38228
11/19/2019,38206
11/20/2019,38155
11/21/2019,37971
11/22/2019,37927
11/25/2019,37782
11/26/2019,37775
11/27/2019,37578
11/28/2019,37780
11/29/2019,37961
12/2/2019,37915
12/3/2019,38267
12/4/2019,38188
12/5/2019,38095
12/6/2019,37748
12/9/2019,37638
12/10/2019,37604
12/11/2019,37693
12/12/2019,37559
12/13/2019,37776
12/16/2019,37873
12/17/2019,37961
12/18/2019,37932
12/19/2019,38110
12/20/2019,38002
12/23/2019,38231
12/24/2019,38624
12/26/2019,38767
12/27/2019,38978
12/30/2019,38823
12/31/2019,38999
1/1/2020,38938
1/2/2020,39220
1/3/2020,39925
1/6/2020,40448
1/7/2020,40635
1/8/2020,40078
1/9/2020,39806
1/10/2020,39849
1/13/2020,39541
1/14/2020,39443
1/15/2020,39598
1/16/2020,39676
1/17/2020,39920
1/20/2020,39927
1/21/2020,39892
1/22/2020,39893
1/23/2020,40255
1/24/2020,40322
1/27/2020,40557
1/28/2020,40200
1/29/2020,40321
1/30/2020,40897
1/31/2020,41012
2/1/2020,41099
2/3/2020,40633
2/4/2020,40056
2/5/2020,40213
2/6/2020,40287
2/7/2020,40563
2/10/2020,40607
2/11/2020,40353
2/12/2020,40427
2/13/2020,40580
2/14/2020,40879
2/17/2020,40686
2/18/2020,41311
2/19/2020,41463
2/20/2020,41886
2/21/2020,42511
2/24/2020,43456
2/25/2020,42675
2/26/2020,42349
2/27/2020,42193
2/28/2020,41763
3/2/2020,42017
3/3/2020,43100
3/4/2020,43235
3/5/2020,43874
3/6/2020,44098
3/9/2020,44308
3/10/2020,43694
3/11/2020,43334
3/12/2020,42217
3/13/2020,40382
3/16/2020,39548
3/17/2020,40279
3/18/2020,39764
3/19/2020,39889
3/20/2020,40419
3/23/2020,41317
3/24/2020,41873
3/25/2020,42713
3/26/2020,43631
3/27/2020,43590
3/30/2020,43883
3/31/2020,43225
4/1/2020,43578
4/3/2020,44298
4/7/2020,45043
4/8/2020,44944
4/9/2020,45279
4/13/2020,46270
4/15/2020,46696
4/16/2020,47203
4/17/2020,45855
4/20/2020,45724
4/21/2020,45383
4/22/2020,46189
4/23/2020,46475
4/24/2020,46550
4/27/2020,46353
4/28/2020,46188
4/29/2020,45439
4/30/2020,44647
5/1/2020,45251
5/4/2020,45762
5/5/2020,45539
5/6/2020,45387
5/7/2020,46147
5/8/2020,45820
5/11/2020,45785
5/12/2020,45635
5/13/2020,45983
5/14/2020,46631
5/15/2020,47352
5/18/2020,46652
5/19/2020,47036
5/20/2020,47129
5/21/2020,46417
5/22/2020,47057
5/25/2020,46953
5/26/2020,46393
5/27/2020,46647
5/28/2020,46474
5/29/2020,46858
6/1/2020,47018
6/2/2020,46796
6/3/2020,46203
6/4/2020,46781
6/5/2020,46346
6/8/2020,46110
6/9/2020,46595
6/10/2020,46629
6/11/2020,47405
6/12/2020,47325
6/15/2020,46999
6/16/2020,47534
6/17/2020,47320
6/18/2020,47328
6/19/2020,47907
6/22/2020,47912
6/23/2020,48186
6/24/2020,48105
6/25/2020,47952
6/26/2020,48363
6/29/2020,48194
6/30/2020,48861
7/1/2020,48400
7/2/2020,48437
7/3/2020,48336
7/6/2020,48247
7/7/2020,48796
7/8/2020,49160
7/9/2020,48896
7/10/2020,48883
7/13/2020,49180
7/14/2020,49277
7/15/2020,49182
7/16/2020,48811
7/17/2020,49001
7/20/2020,49067
7/21/2020,49559
7/22/2020,50115
7/23/2020,50762
7/24/2020,51120
7/27/2020,52227
7/28/2020,52731
7/29/2020,53207
7/30/2020,52986
7/31/2020,53582
8/3/2020,53927
8/4/2020,54784
8/5/2020,55597
8/6/2020,56117
8/7/2020,55018
8/10/2020,55243
8/11/2020,52144
8/12/2020,52505
8/13/2020,53148
8/14/2020,52451
8/17/2020,53435
8/18/2020,53738
8/19/2020,52824
8/20/2020,52302
8/21/2020,52045
8/24/2020,51385
8/25/2020,50936
8/26/2020,51619
8/27/2020,50507
8/28/2020,51050
8/31/2020,51099
9/1/2020,51017
9/2/2020,50577
9/3/2020,50768
9/4/2020,50728
9/7/2020,51149
9/8/2020,51433
9/9/2020,51486
9/10/2020,51832
9/11/2020,51393
9/14/2020,51759
9/15/2020,51818
9/16/2020,51876
9/17/2020,51498
9/18/2020,51764
9/21/2020,50512
9/22/2020,50454
9/23/2020,49576
9/24/2020,49959
9/25/2020,49539
9/28/2020,49928
9/29/2020,50607
9/30/2020,50232
10/1/2020,50345
10/5/2020,50809
10/6/2020,50617
10/7/2020,50133
10/8/2020,50239
10/9/2020,50872
10/12/2020,51166
10/13/2020,50306
10/14/2020,50614
10/15/2020,50775
10/16/2020,50605
10/19/2020,50751
10/20/2020,50937
10/21/2020,51313
10/22/2020,50741
10/23/2020,50820
10/26/2020,50953
10/27/2020,50984
10/28/2020,50483
10/29/2020,50276
10/30/2020,50641
11/2/2020,51032
11/3/2020,51509
11/4/2020,50829
11/5/2020,51901
11/6/2020,52190
11/9/2020,49795
11/10/2020,50561
11/11/2020,50230
11/12/2020,50652
11/13/2020,50956
11/14/2020,50945
11/16/2020,50870
11/17/2020,50806
11/18/2020,50377
11/19/2020,50063
11/20/2020,50279
11/23/2020,49555
11/24/2020,48683
11/25/2020,48568
11/26/2020,48597
11/27/2020,48189
11/30/2020,47898
12/1/2020,48641
12/2/2020,48959
12/3/2020,49061
12/4/2020,49322
12/7/2020,49923
12/8/2020,50049
12/9/2020,49256
12/10/2020,49081
12/11/2020,49306
12/14/2020,48916
12/15/2020,49416
12/16/2020,49544
12/17/2020,50263
12/18/2020,50100
12/21/2020,50146
12/22/2020,49768
12/23/2020,49909
12/24/2020,49787
12/28/2020,49761
12/29/2020,49722
12/30/2020,49881
12/31/2020,50081
1/1/2021,50081
1/4/2021,51349
1/5/2021,51456
1/6/2021,50545
1/7/2021,50918
1/8/2021,49035
1/11/2021,49386
1/12/2021,49098
1/13/2021,49354
1/14/2021,49238
1/15/2021,48745
1/18/2021,48918
1/19/2021,49011
1/20/2021,49528
1/21/2021,49418
1/22/2021,49131
1/25/2021,49144
1/27/2021,48879
1/28/2021,48672
1/29/2021,49111
2/1/2021,48424
2/2/2021,47752
2/3/2021,47703
2/4/2021,46695
2/5/2021,46978
2/8/2021,47726
2/9/2021,47818
2/10/2021,47863
2/11/2021,47377
2/12/2021,47169
2/15/2021,47118
2/16/2021,46777
2/17/2021,46134
2/18/2021,46046
2/19/2021,46095
2/22/2021,46782
2/23/2021,46632
2/24/2021,46369
2/25/2021,46085
2/26/2021,45569
3/1/2021,45021
3/2/2021,45224
3/3/2021,44721
3/4/2021,44581
3/5/2021,44442
3/8/2021,44233
3/9/2021,44844
3/10/2021,44774
3/11/2021,44876
3/12/2021,44737
3/15/2021,44906
3/16/2021,44820
3/17/2021,44848
3/18/2021,44942
3/19/2021,45008
3/22/2021,44885
3/23/2021,44636
3/24/2021,44841
3/25/2021,44726
3/26/2021,44629
3/29/2021,43754
3/30/2021,43941
3/31/2021,44418
4/1/2021,44957
4/5/2021,44985
4/6/2021,45685
4/7/2021,46128
4/8/2021,46576
4/9/2021,46344
4/12/2021,46188
4/13/2021,46674
4/14/2021,46317
4/15/2021,46881
4/16/2021,47022
4/19/2021,47084
4/20/2021,47498
4/21/2021,47892
4/22/2021,47426
4/23/2021,47169
4/26/2021,47117
4/27/2021,46960
4/28/2021,46697
4/29/2021,46400
4/30/2021,46431
5/3/2021,46963
5/4/2021,46782
5/5/2021,46591
5/6/2021,47536
5/7/2021,47719
5/10/2021,47925
5/11/2021,47625
5/12/2021,47491
5/13/2021,47452
5/14/2021,47682
5/17/2021,48437
5/18/2021,48288
5/19/2021,48660
5/20/2021,48519
5/21/2021,48368
5/24/2021,48514
5/25/2021,48780
5/26/2021,48728
5/27/2021,48561
5/28/2021,48543
5/31/2021,48807
6/1/2021,48935
6/2/2021,49108
6/3/2021,48293
6/4/2021,48650
6/7/2021,48911
6/8/2021,48908
6/9/2021,48904
6/10/2021,48975
6/11/2021,48717
6/14/2021,48318
6/15/2021,48230
6/16/2021,48279
6/17/2021,46781
6/18/2021,46592
6/21/2021,46904
6/22/2021,46838
6/23/2021,46921
6/24/2021,46701
6/25/2021,46757
6/28/2021,46821
6/29/2021,46438
6/30/2021,46817
7/1/2021,46985
7/2/2021,47286
7/5/2021,47567
7/6/2021,47694
7/7/2021,47887
7/8/2021,47735
7/9/2021,47898
7/12/2021,47768
7/13/2021,47887
7/14/2021,48265
7/15/2021,48358
7/16/2021,48040
7/19/2021,48069
7/20/2021,47861
7/21/2021,47584
7/22/2021,47624
7/23/2021,47521
7/26/2021,47455
7/27/2021,47551
7/28/2021,47535
7/29/2021,48210
7/30/2021,47901
8/2/2021,47937
8/3/2021,47854
8/4/2021,47872
8/5/2021,47959
8/6/2021,46682
8/9/2021,45949
8/10/2021,45936
8/11/2021,46351
8/12/2021,46335
8/13/2021,46886
8/16/2021,47138
8/17/2021,47206
8/18/2021,47069
8/19/2021,47119
8/20/2021,47110
8/23/2021,47511
8/24/2021,47532
8/25/2021,47108
8/26/2021,47163
8/27/2021,47416
8/30/2021,47049
8/31/2021,47060
9/1/2021,47093
9/2/2021,47048
9/3/2021,47342
9/6/2021,47450
9/7/2021,46989
9/8/2021,47072
9/9/2021,47021
9/10/2021,46858
9/13/2021,46946
9/14/2021,47267
9/15/2021,46949
9/16/2021,46120
9/17/2021,46025
9/20/2021,46297
9/21/2021,46641
9/22/2021,46682
9/23/2021,46083
9/24/2021,45995
9/27/2021,46064
9/28/2021,45819
9/29/2021,45550
9/30/2021,46221
10/1/2021,46315
10/4/2021,46618
10/5/2021,46459
10/6/2021,46781
10/7/2021,46737
10/8/2021,46922
10/11/2021,46941
10/12/2021,47097
10/13/2021,47753
10/14/2021,47748
10/15/2021,47106
10/18/2021,47186
10/19/2021,47196
10/20/2021,47380
10/21/2021,47314
10/22/2021,47668
10/25/2021,48030
10/26/2021,47680
10/27/2021,47804
10/28/2021,47777
10/29/2021,47502
11/1/2021,47692
11/2/2021,47683
11/3/2021,46961
11/4/2021,47559
11/5/2021,47959
11/8/2021,48025
11/9/2021,48263
11/10/2021,48857
11/11/2021,49208
11/12/2021,49277
11/15/2021,49269
11/16/2021,49038
11/17/2021,49262
11/18/2021,49047
11/19/2021,48829
11/22/2021,47963
11/23/2021,47460
11/24/2021,47469
11/25/2021,47444
11/26/2021,47610
11/29/2021,47613
11/30/2021,47439
12/1/2021,47525
12/2/2021,47307
12/3/2021,47425
12/6/2021,47787
12/7/2021,47922
12/8/2021,47900
12/9/2021,47802
12/10/2021,47993
12/13/2021,48106
12/14/2021,47895
12/15/2021,47900
12/16/2021,48407
12/17/2021,48467
12/20/2021,48130
12/21/2021,47933
12/22/2021,48026
12/23/2021,48012
12/24/2021,47982
12/27/2021,47933
12/28/2021,47888
12/29/2021,47673
12/30/2021,47746
12/31/2021,47994
1/3/2022,47473
1/4/2022,47763
1/5/2022,48051
1/6/2022,47499
1/7/2022,47481
1/10/2022,47471
1/11/2022,47694
1/12/2022,47802
1/13/2022,47759
1/14/2022,47803
1/17/2022,47908
1/18/2022,47926
1/19/2022,48368
1/20/2022,48372
1/21/2022,48243
1/24/2022,48537
1/25/2022,48836
1/27/2022,47974
1/28/2022,47652
1/31/2022,47840
2/1/2022,47966
2/2/2022,48049
2/3/2022,47884
2/4/2022,47890
2/7/2022,48168
2/8/2022,48345
2/9/2022,48575
2/10/2022,48867
2/11/2022,49015
2/14/2022,49827
2/15/2022,49332
2/16/2022,49546
2/17/2022,50277
2/18/2022,50034
2/21/2022,49998
2/22/2022,50186
2/23/2022,50226
2/24/2022,51403
2/25/2022,50039
2/28/2022,50530
3/1/2022,51565
3/2/2022,51133
3/3/2022,51569
3/4/2022,52274
3/7/2022,53461
3/8/2022,54146
3/9/2022,52724
3/10/2022,53183
3/11/2022,52828
3/14/2022,52238
3/15/2022,51522
3/16/2022,51105
3/17/2022,51597
3/18/2022,51383
3/21/2022,51546
3/22/2022,51219
3/23/2022,51580
3/24/2022,51841
3/25/2022,51687
3/28/2022,51442
3/29/2022,50730
3/30/2022,51042
3/31/2022,51633
4/1/2022,51264
4/4/2022,51229
4/5/2022,51240
4/6/2022,51433
4/7/2022,51681
4/8/2022,51854
4/11/2022,51985
4/12/2022,52656
4/13/2022,52871
4/14/2022,52793
4/18/2022,53104
4/19/2022,52603
4/20/2022,52499
4/21/2022,52356
4/22/2022,52250
4/25/2022,51462
4/26/2022,51655
4/27/2022,51357
4/28/2022,51450
4/29/2022,51809
5/2/2022,50831
5/3/2022,51022
5/4/2022,50836
5/5/2022,51653
5/6/2022,51381
5/9/2022,51026
5/10/2022,50662
5/11/2022,50862
5/12/2022,50249
5/13/2022,49944
5/16/2022,50291
5/17/2022,50237
5/18/2022,50235
5/19/2022,50579
5/20/2022,50842
5/23/2022,50934
5/24/2022,51146
5/25/2022,50815
5/26/2022,50858
5/27/2022,50961
5/30/2022,50908
5/31/2022,50924
6/1/2022,50504
6/2/2022,51078
6/3/2022,51287
6/6/2022,50871
6/7/2022,50929
6/8/2022,51036
6/9/2022,50971
6/10/2022,51650
6/13/2022,50682
6/14/2022,50251
6/15/2022,50433
6/16/2022,50945
6/17/2022,50824
6/20/2022,50748
6/21/2022,50775
6/22/2022,50898
6/23/2022,50608
6/24/2022,50614
6/27/2022,50681
6/28/2022,50824
6/29/2022,50836
6/30/2022,50719
7/1/2022,51961
7/4/2022,51808
7/5/2022,51370
7/6/2022,50581
7/7/2022,50691
7/8/2022,50840
7/11/2022,50745
7/12/2022,50547
7/13/2022,50880
7/14/2022,50340
7/15/2022,50185
7/18/2022,50434
7/19/2022,50403
7/20/2022,50309
7/21/2022,50427
7/22/2022,50720
7/25/2022,50567
7/26/2022,50612
7/27/2022,50722
7/28/2022,51274
7/29/2022,51365
8/1/2022,51260
8/2/2022,51274
8/3/2022,51225
8/4/2022,51802
8/5/2022,51820
